Your PostgreSQL database contains the following tables:

1. people(playerid, birthyear, birthmonth, birthday, birthcountry, birthstate, birthcity,
   deathyear, deathmonth, deathday, deathcountry, deathstate, deathcity,
   namefirst, namelast, namegiven, weight, height, bats, throws,
   debut, finalgame, retroid, bbrefid)

2. teamsfranchises(franchid, franchname, active, naassoc)

3. teams(yearid, lgid, teamid, franchid, divid, rank, g, ghome, w, l, divwin, wcwin,
   lgwin, wswin, r, ab, h, doubles, triples, hr, bb, so, sb, cs, hbp, sf, ra, er, era,
   cg, sho, sv, ipouts, ha, hra, bba, soa, e, dp, fp, name, park, attendance,
   bpf, ppf, teamidbr, teamidlahman45, teamidretro)

4. parks(parkkey, parkname, parkalias, city, state, country)

5. batting(playerid, yearid, stint, teamid, lgid, g, ab, r, h, doubles, triples, hr, rbi,
   sb, cs, bb, so, ibb, hbp, sh, sf, gidp)

6. pitching(playerid, yearid, stint, teamid, lgid, w, l, g, gs, cg, sho, sv, ipouts, h,
   er, hr, bb, so, baopp, era, ibb, wp, hbp, bk, bfp, gf, r, sh, sf, gidp)

7. fielding(playerid, yearid, stint, teamid, lgid, pos, g, gs, innouts, po, a, e, dp,
   pb, wp, sb, cs, zr)

8. fieldingof(playerid, yearid, stint, glf, gcf, grf)

9. fieldingofsplit(playerid, yearid, stint, teamid, lgid, pos, g, gs, innouts, po, a, e,
   dp, pb, wp, sb, cs, zr)

10. appearances(yearid, teamid, lgid, playerid, g_all, gs, g_batting, g_defense,
    g_p, g_c, g_1b, g_2b, g_3b, g_ss, g_lf, g_cf, g_rf, g_of, g_dh, g_ph, g_pr)

11. managers(playerid, yearid, teamid, lgid, inseason, g, w, l, rank, plyrmgr)

12. allstarfull(playerid, yearid, gamenum, gameid, teamid, lgid, gp, startingpos)

13. battingpost(yearid, round, playerid, teamid, lgid, g, ab, r, h, doubles, triples, hr,
    rbi, sb, cs, bb, so, ibb, hbp, sh, sf, gidp)

14. pitchingpost(playerid, yearid, round, teamid, lgid, w, l, g, gs, cg, sho, sv,
    ipouts, h, er, hr, bb, so, baopp, era, ibb, wp, hbp, bk, bfp, gf, r, sh,
    sf, gidp)

15. fieldingpost(playerid, yearid, teamid, lgid, round, pos, g, gs, innouts, po, a, e,
    dp, tp, pb, sb, cs)

16. seriespost(yearid, round, teamidwinner, lgidwinner, teamidloser, lgidloser,
    wins, losses, ties)

17. homegames(yearkey, leaguekey, teamkey, parkkey, spanfirst, spanlast, games,
    openings, attendance)

18. managershalf(playerid, yearid, teamid, lgid, inseason, half, g, w, l, rank)

19. teamshalf(yearid, lgid, teamid, half, divid, divwin, rank, g, w, l)

20. awardsmanagers(playerid, awardid, yearid, lgid, tie, notes)

21. awardsplayers(playerid, awardid, yearid, lgid, tie, notes)

22. awardssharemanagers(awardid, yearid, lgid, playerid, pointswon, pointsmax, votesfirst)

23. awardsshareplayers(awardid, yearid, lgid, playerid, pointswon, pointsmax, votesfirst)

24. halloffame(playerid, yearid, votedby, ballots, needed, votes, inducted, category, needed_note)

25. collegeplaying(playerid, schoolid, yearid)

26. schools(schoolid, school_name, schoolcity, schoolstate, schoolcountry)

27. salaries(yearid, teamid, lgid, playerid, salary)

28. fangraphs_batting_lahman_like(idfg, season, name, team, g, ab, pa, h, singles, doubles, triples, hr, r, rbi, bb, ibb, so, hbp, sf, sh, sb, cs)

29. fangraphs_batting_standard_ratios(idfg, season, name, team, avg, obp, slg, ops, iso, babip, bb_pc, k_pc, bb_k, gdp)

30. fangraphs_batting_advanced(idfg, season, name, team, woba, wraa, wrc, wrc_plus, war, rar, bat, fld, rep, pos, off, def, dol)

31. fangraphs_plate_discipline(idfg, season, name, team, o_swing_pc, z_swing_pc, swing_pc, o_contact_pc, z_contact_pc, contact_pc, zone_pc, f_strike_pc, swstr_pc, cstr_pc, csw_pc, wpa, wpa_li, clutch, re24, rew, pli, phli, ph)

32. fangraphs_batted_ball(idfg, season, name, team, gb, fb, ld, iffb, gb_fb, ld_pc, gb_pc, fb_pc, iffb_pc, hr_fb, ifh, ifh_pc, bu, buh, buh_pc, pull_pc, cent_pc, oppo_pc, soft_pc, med_pc, hard_pc, hardhit, hardhit_pc, ev, la, barrels, barrel_pc, maxev, tto_pc)

33. fangraphs_baserunning_fielding(idfg, season, name, team, bsr, spd, wsb, ubr, wgdp)

34. fangraphs_batter_pitch_type_summary(idfg, season, name, team, fb_pc, fbv, sl_pc, slv, ch_pc, chv, cb_pc, cbv, sf_pc, sfv, ct_pc, ctv, kn_pc, knv, xx_pc, po_pc, wfb, wsl, wch, wcb, wsf, wct, wkn, wfb_c, wsl_c, wch_c, wcb_c, wsf_c, wct_c, wkn_c)

35. fangraphs_pitching_lahman_like(idfg, season, name, team, w, l, g, gs, cg, sho, sv, ip, h, r, er, hr, bb, so, hbp, wp, bk, tbf)

36. fangraphs_pitching_standard_ratios(idfg, season, name, team, era, k_9, bb_9, k_bb, h_9, hr_9, avg, whip, babip, lob_pc)

37. fangraphs_pitching_advanced(idfg, season, name, team, war, fip, xfip, siera, era_minus, fip_minus, xfip_minus, rar, dollars, ra9_war)

38. fangraphs_pitching_plate_discipline(idfg, season, name, team, o_swing_pc, z_swing_pc, swing_pc, o_contact_pc, z_contact_pc, contact_pc, zone_pc, f_strike_pc, swstr_pc, cstr_pc, csw_pc)

39. fangraphs_pitching_batted_ball(idfg, season, name, team, gb_fb, ld_pc, gb_pc, fb_pc, iffb_pc, hr_fb, pull_pc, cent_pc, oppo_pc, soft_pc, med_pc, hard_pc, ev, la, barrels, barrel_pc, maxev, hardhit, hardhit_pc, tto_pc)

40. fangraphs_pitching_pitch_type_summary(idfg, season, name, team, fb_pc, fbv, sl_pc, slv, ct_pc, ctv, cb_pc, cbv, ch_pc, chv, sf_pc, sfv, kn_pc, knv, wfb, wsl, wct, wcb, wch, wsf, wkn, wfb_c, wsl_c, wct_c, wcb_c, wch_c, wsf_c, wkn_c)

41. lahman_fangraphs_bridge(playerid, idfg)


---
## Lookup Dictionaries

## Franchise Abbreviation Lookup

Each entry below maps a `team_abbr` to its `franchise_abbr` and includes the active years for that team. If no separate franchise abbreviation was provided, the `team_abbr` is used.

### National League

BSN → BSN    | 1876 – 1952 | Boston Braves
MLN → ML1    | 1953 – 1965 | Milwaukee Braves
ATL → ATL    | 1966 –      | Atlanta Braves

CHC → CHN    | 1876 –      | Chicago Cubs

CIN → CN1    | 1876 – 1880 | Cincinnati Reds
CIN → CIN    | 1890 –      | Cincinnati Reds

HAR → HAR    | 1876 – 1877 | Hartford Dark Blues
LOU → LS1    | 1876 – 1877 | Louisville Grays
NYU → NY3    | 1876 – 1876 | New York Mutuals
ATH → PHN    | 1876 – 1876 | Philadelphia Athletics
STL → SL3    | 1876 – 1877 | St. Louis Brown Stockings
IND → IN1    | 1878 – 1878 | Indianapolis Blues
MLG → ML2    | 1878 – 1878 | Milwaukee Grays
PRO → PRO    | 1878 – 1885 | Providence Grays
BUF → BFN    | 1879 – 1885 | Buffalo Bisons
CLV → CL2    | 1879 – 1884 | Cleveland Blues
SYR → SR1    | 1879 – 1879 | Syracuse Stars
TRO → TRN    | 1879 – 1882 | Troy Trojans
WOR → WOR    | 1880 – 1882 | Worcester Ruby Legs
DTN → DTN    | 1881 – 1888 | Detroit Wolverines
NYG → NY1    | 1883 – 1957 | New York Giants
SFG → SFN    | 1958 –      | San Francisco Giants
PHI → PHI    | 1883 –      | Philadelphia Phillies
SLM → SL5    | 1885 – 1886 | St. Louis Maroons
KCN → KCN    | 1886 – 1886 | Kansas City Cowboys
WSN → WS8    | 1886 – 1889 | Washington Nationals
IND → IN3    | 1887 – 1889 | Indianapolis Hoosiers
PIT → PIT    | 1887 –      | Pittsburgh Pirates
CLV → CL4    | 1889 – 1899 | Cleveland Spiders
BRO → BRO    | 1890 – 1957 | Brooklyn Dodgers
LAD → LAN    | 1958 – 2000 | Los Angeles Dodgers
LAN → LAN    | 2001 –      | Los Angeles Dodgers
BLN → BLN    | 1892 – 1899 | Baltimore Orioles
LOU → LS3    | 1892 – 1899 | Louisville Colonels
STL → SLN    | 1892 –      | St. Louis Cardinals
WSN → WSN    | 1892 – 1899 | Washington Senators
HOU → HOU    | 1962 – 2012 | Houston Astros
NYM → NYN    | 1962 –      | New York Mets
MON → MON    | 1969 – 2001 | Montreal Expos
SDP → SDN    | 1969 –      | San Diego Padres
COL → COL    | 1993 –      | Colorado Rockies
FLA → FLO    | 1993 – 2011 | Florida Marlins
FLA → MIA    | 2012 –      | Florida Marlins
ARI → ARI    | 1998 –      | Arizona Diamondbacks
MIL → MIL    | 1998 –      | Milwaukee Brewers

### American League

BLA → BLA    | 1901 – 1902 | Baltimore Orioles
NYY → NYA    | 1903 –      | New York Yankees

BOS → BOS    | 1901 –      | Boston Red Sox
CHW → CHA    | 1901 –      | Chicago White Sox
CLE → CLE    | 1901 – 2021 | Cleveland Indians
CLE → CLE    | 2022 –      | Cleveland Indians
DET → DET    | 1901 –      | Detroit Tigers

MLA → MLA    | 1901 – 1901 | Milwaukee Brewers
SLB → SLA    | 1902 – 1953 | St. Louis Browns
BAL → BAL    | 1954 –      | Baltimore Orioles

PHA → PHA    | 1901 – 1954 | Philadelphia Athletics
KCA → KC1    | 1955 – 1967 | Kansas City Athletics
OAK → OAK    | 1968 –      | Oakland Athletics

WSH → WS1    | 1901 – 1960 | Washington Nationals
MIN → MIN    | 1961 –      | Minnesota Twins

LAA → LAA    | 1961 – 1964 | Los Angeles Angels
CAL → CAL    | 1965 – 1996 | California Angels
ANA → ANA    | 1997 – 2001 | Anaheim Angels

WSA → WS2    | 1961 – 1971 | Washington Senators
TEX → TEX    | 1972 –      | Texas Rangers
HOU → HOU    | 2013 –      | Houston Astros

KCR → KCA    | 1969 –      | Kansas City Royals
SEP → SE1    | 1969 – 1969 | Seattle Pilots
MIL → ML4    | 1970 – 1997 | Milwaukee Brewers

SEA → SEA    | 1977 –      | Seattle Mariners
TOR → TOR    | 1977 –      | Toronto Blue Jays
TBD → TBA    | 1998 – 2007 | Tampa Bay Devil Rays
TBD → TBA    | 2008 –      | Tampa Bay Rays


### Country Abbreviations
- USA: United States
- P.R.: Puerto Rico
- D.R.: Dominican Republic




Note: All `playerid` columns reference the `people` table. Composite primary keys are used where appropriate, typically across (playerid, yearid, stint) or (yearid, teamid).
